id,epsilon,q_table
0,0.37,-34.87  -27.50  -30.42
1,0.53,-15.99  -14.24  -19.50
2,0.77,-28.95  -10.17  -27.88
3,0.43,-15.38  -10.50  -17.08
4,0.48,-25.13  -21.89  -19.51
5,0.61,-36.55  -20.21  -19.76
6,0.66,-13.34  -22.91  -14.41
7,0.50,-22.12  -16.92  -30.12
8,0.74,-20.06  -17.66  -9.67
9,0.79,0.00  -23.55  -28.28
10,0.66,-31.86  -24.02  -14.34
11,0.61,-30.50  -13.17  -26.18
12,0.44,-19.44  -19.20  -27.78
13,0.73,-23.51  -27.61  -31.81
14,0.70,-20.83  -11.96  -18.57
15,0.66,-13.05  -15.69  -12.69
16,0.60,-10.03  -26.42  -23.08
17,0.45,-22.15  -37.68  -33.90
18,0.46,-16.18  -21.95  -15.89
19,0.68,-25.84  -15.34  -20.10
20,0.47,-21.35  -30.55  -14.43
21,0.68,-20.13  -12.52  -25.36
22,0.56,-16.94  -17.51  -15.90
23,0.56,-14.69  -14.35  -9.25
24,0.54,-20.90  -18.15  -24.99
25,0.54,-10.05  -16.04  -25.54
26,0.52,-8.23  -12.32  -21.68
27,0.76,-24.42  -26.48  -33.48
28,0.73,-12.65  -19.76  -10.55
29,0.57,-10.65  -14.28  -38.45
30,0.54,-28.90  -22.54  -26.30
31,0.59,-26.53  -16.27  -13.39
32,0.48,-10.77  -18.01  -25.03
33,0.67,-19.08  -11.79  -23.29
34,0.52,-7.81  -12.42  -26.19
35,0.66,-31.41  -23.04  -15.31
36,0.69,-31.52  -18.83  -23.84
37,0.58,-20.74  -29.94  -19.93
38,0.54,-19.22  -21.98  -17.30
39,0.49,-10.44  -28.56  0.00
40,0.79,-20.45  -23.94  -17.28
41,0.73,-25.52  -22.94  -24.97
42,0.62,-27.04  -21.38  -36.18
43,0.49,-20.91  -27.77  -20.25
44,0.66,-17.92  -22.12  -19.48
45,0.68,-18.37  -12.21  -31.89
46,0.44,-16.35  -12.80  -13.98
47,0.54,-20.18  -20.40  -20.13
48,0.75,-23.04  -19.00  -26.29
49,0.42,-29.83  -20.39  -24.94
50,0.63,-13.63  -10.46  -22.90
51,0.71,-16.33  -33.97  -28.43
52,0.63,-14.58  -15.12  -24.70
53,0.41,-27.93  -20.34  -28.67
54,0.68,-27.65  -15.40  -23.85
55,0.67,-27.55  -31.27  -28.88
56,0.64,-14.18  -17.32  -9.76
57,0.50,-36.49  -11.48  -25.94
58,0.66,-28.69  -14.01  -16.50
59,0.64,-14.52  -19.71  -19.10
60,0.48,-20.96  -14.26  -18.60
61,0.40,-20.59  -15.80  -17.40
62,0.69,-16.74  -17.57  -13.53
63,0.58,-25.48  -12.46  -26.31
64,0.70,-29.46  -29.58  -21.21
65,0.51,-12.45  -37.72  -21.29
66,0.54,-15.80  -24.35  -33.96
67,0.66,-26.81  -10.16  -17.92
68,0.67,-16.39  -15.88  -15.32
69,0.66,-28.96  -30.22  -25.60
70,0.39,-24.49  -18.55  -21.84
71,0.36,-28.42  -29.63  -26.67
72,0.52,-19.32  -15.76  -8.32
73,0.44,-31.50  -23.79  -36.03
74,0.68,-21.03  -8.92  -9.36
75,0.64,-7.53  -20.98  -16.74
76,0.38,-21.48  -13.18  -19.25
77,0.57,-17.80  -25.56  -22.54
78,0.51,-14.31  -13.98  -12.78
79,0.72,-29.31  -22.32  -23.24
80,0.66,-30.69  -12.07  -11.65
81,0.67,-13.80  -21.92  -16.82
82,0.54,-22.81  -14.72  -23.65
83,0.56,-23.82  -28.20  -23.63
84,0.48,-19.11  -13.60  -22.39
85,0.46,-8.77  -17.84  -10.79
86,0.77,-19.67  -19.28  -27.09
87,0.62,-15.39  -17.84  -16.73
88,0.45,-17.39  -10.15  -15.00
89,0.60,-11.36  -28.93  -26.84
90,0.60,-34.33  -29.88  -33.02
91,0.51,-15.32  -16.90  -9.82
92,0.67,-30.56  -22.98  -24.20
93,0.40,-24.15  -27.14  -30.06
94,0.48,-26.58  -22.03  -27.45
95,0.35,-12.74  -15.03  -17.36
96,0.61,-21.79  -16.06  -31.00
97,0.42,-13.85  -17.14  -13.78
98,0.55,-26.82  -30.09  -18.78
99,0.38,-22.93  -19.19  -18.76
100,0.52,-23.61  -26.08  -22.53
101,0.69,-22.45  -14.04  -21.22
102,0.42,-30.10  -27.94  -30.41
103,0.50,-11.62  -24.82  -23.10
104,0.66,0.00  -30.83  -28.47
105,0.60,-28.86  -17.08  -23.91
106,0.54,-30.76  -39.81  -17.94
107,0.69,-23.67  -12.87  -24.92
108,0.60,-10.17  -11.02  -17.76
109,0.43,-15.39  -21.27  -17.73
110,0.51,-16.53  -23.83  -22.06
111,0.81,-28.24  -12.78  -19.93
112,0.61,-22.29  -17.71  -25.53
113,0.61,-15.64  -17.02  -13.90
114,0.48,-20.63  -19.82  -31.84
115,0.77,-16.04  -10.04  -24.25
116,0.51,-30.50  -27.90  -31.33
117,0.70,0.00  -27.26  -23.00
118,0.86,-33.17  -22.93  -34.44
119,0.41,-21.94  -25.58  0.00
120,0.78,-9.51  -31.86  -34.03
121,0.45,-22.28  -22.42  -19.18
122,0.72,-21.42  -23.97  -19.86
123,0.49,-16.22  -4.27  -21.24
124,0.57,-19.40  -20.03  -22.16
125,0.60,-13.70  -25.89  -16.87
126,0.60,-29.31  -19.84  -20.05
127,0.42,-23.97  -13.95  -16.28
128,0.43,-15.95  -15.79  -13.22
129,0.44,-21.58  -15.70  -25.18
130,0.65,-10.03  -24.79  -9.47
131,0.59,-11.95  -12.98  -17.82
132,0.59,-28.81  -27.57  -24.56
133,0.47,-6.69  -28.18  -13.35
134,0.75,-29.91  -15.81  -15.92
135,0.69,-14.39  -19.49  -22.67
136,0.49,-29.61  -19.52  -33.18
137,0.61,-33.81  -24.43  -18.01
138,0.72,-17.53  -28.50  -29.94
139,0.72,-22.04  -19.91  -32.33
140,0.60,-12.28  -16.32  -17.69
141,0.58,-19.07  -23.78  -14.73
142,0.63,-25.85  -27.56  -17.08
143,0.86,-34.98  -15.59  -10.14
144,0.61,-26.03  -27.76  -27.76
145,0.55,-25.46  -25.93  -19.16
146,0.53,-29.64  -17.14  -27.18
147,0.71,-13.48  -15.59  -16.04
148,0.59,-32.51  -32.79  -27.48
149,0.59,-9.28  -10.70  -20.36
150,0.54,-13.55  -19.39  -17.82
151,0.61,-30.95  -23.33  -28.19
152,0.54,-19.72  -20.24  -22.89
153,0.57,-10.52  -15.71  -25.07
154,0.42,-23.85  -17.41  -16.27
155,0.47,-21.37  -20.55  -13.12
156,0.63,-20.78  -30.11  -21.52
157,0.59,-19.41  -32.41  -21.52
158,0.39,-18.41  -18.06  -22.18
159,0.42,-25.45  -17.39  -19.85
160,0.68,-11.12  -29.01  -19.65
161,0.66,-26.36  -27.00  -22.04
162,0.41,-22.34  -19.99  -19.57
163,0.50,-32.65  -27.44  -26.00
164,0.49,-18.20  -11.16  -29.68
165,0.50,-22.61  -25.41  0.00
166,0.62,-14.73  -28.12  -15.32
167,0.51,-26.10  -28.62  -23.83
168,0.59,-36.74  -18.62  -20.90
169,0.72,-18.99  0.00  -36.91
170,0.77,-29.76  -28.21  -30.87
171,0.47,-10.41  -21.83  -15.35
172,0.50,-12.61  -17.66  -20.39
173,0.52,-34.57  -9.73  -33.10
174,0.37,-10.88  -17.70  -16.31
175,0.45,-23.17  -17.84  -19.22
176,0.51,-13.70  -15.11  -14.14
177,0.47,-25.89  -29.59  -33.92
178,0.49,-26.20  -28.88  -16.07
179,0.60,-15.87  -10.20  -38.72
180,0.74,-17.06  -23.46  -18.72
181,0.75,-38.81  -27.02  -23.02
182,0.67,-17.03  -21.28  -17.77
183,0.48,-16.08  -15.75  -12.12
184,0.72,-18.54  -18.62  -11.19
185,0.60,-25.31  -17.27  -22.56
186,0.53,-17.09  -17.88  -14.51
187,0.66,0.00  -29.34  -29.38
188,0.65,-16.22  -18.25  -16.92
189,0.60,-22.61  -15.51  -24.56
190,0.77,-24.11  -12.27  -23.83
191,0.45,-18.48  -20.78  -15.24
192,0.56,-27.10  -20.65  -16.37
193,0.47,-26.43  -20.12  -19.55
194,0.67,-28.75  -28.03  -28.21
195,0.39,-17.32  -15.03  -8.17
196,0.42,-27.87  -28.91  -23.96
197,0.53,-18.80  -28.42  -20.51
198,0.43,-13.07  -13.64  -21.35
199,0.62,-15.81  -29.88  -25.28
200,0.56,-23.91  -25.24  -26.27
201,0.71,-23.91  -12.36  -20.42
202,0.64,-17.43  -31.47  -21.29
203,0.59,-22.52  -21.05  -29.70
204,0.50,-21.25  -11.52  -16.38
205,0.56,-19.75  -22.19  -18.31
206,0.82,-26.37  -18.75  -33.39
207,0.60,-18.95  -24.61  -27.80
208,0.52,-22.96  -29.71  -21.01
209,0.69,-22.02  -23.71  -11.46
210,0.47,-28.76  -19.87  -14.37
211,0.76,-17.24  -14.14  -28.77
212,0.59,-25.37  -26.44  -22.27
213,0.68,-18.84  -20.46  -17.30
214,0.57,-24.14  -22.04  -12.14
215,0.87,-19.09  -23.38  -20.70
216,0.50,-15.24  -20.50  -15.31
217,0.50,-15.31  -24.10  -21.24
218,0.59,-18.18  -23.80  -20.44
219,0.50,-27.01  -25.31  -16.16
220,0.70,-33.37  -26.40  -23.45
221,0.74,-25.63  -17.36  -18.79
222,0.47,-25.62  -19.24  -19.16
223,0.75,-12.66  -34.69  -15.70
224,0.69,-20.61  -29.06  -11.01
225,0.56,-21.02  -17.27  -26.43
226,0.46,-30.51  -24.13  -24.54
227,0.54,-17.01  -24.02  -34.40
228,0.66,-21.88  -25.11  -22.65
229,0.34,-24.71  -23.30  -27.59
230,0.51,-34.84  -31.67  -19.04
231,0.45,-29.21  -23.44  -19.87
232,0.40,-17.66  -12.01  -27.13
233,0.66,-18.53  -13.34  -21.91
234,0.65,-25.24  -22.71  -28.11
235,0.55,-30.48  -27.67  -27.85
236,0.52,-11.35  -22.30  -29.33
237,0.51,-15.13  -5.77  -21.20
238,0.54,-9.98  -20.11  -18.57
239,0.64,-23.73  -20.94  -20.44
240,0.46,-23.71  -21.67  -22.26
241,0.83,-18.26  -27.74  -36.08
242,0.66,-25.85  -25.27  -22.40
243,0.71,-27.42  -18.95  -12.33
244,0.62,-26.13  -18.47  -30.59
245,0.67,-22.79  -36.08  -19.03
246,0.65,-23.36  -11.07  -30.99
247,0.74,-10.57  -30.34  -14.32
248,0.88,-22.62  -22.28  -14.76
249,0.54,-22.15  -18.93  -17.23
250,0.68,-28.17  -21.48  -18.65
251,0.71,-17.69  -26.47  -19.50
252,0.49,-24.06  -25.20  -28.66
253,0.56,-26.42  -26.78  -19.00
254,0.55,-23.85  -23.87  -19.94
255,0.41,-32.02  -22.73  -15.31
256,0.55,-12.47  -15.46  -15.90
257,0.52,-8.16  -16.98  -27.02
258,0.48,-19.17  -18.03  -13.35
259,0.47,-26.21  -16.84  -24.31
260,0.48,-21.59  -25.64  -21.11
261,0.47,-18.89  -12.60  -23.65
262,0.55,-18.73  -24.00  -26.08
263,0.47,-25.17  -21.41  -29.38
264,0.82,-8.62  -7.51  -26.77
265,0.66,-27.95  -22.50  -28.04
266,0.58,-25.28  -31.07  -26.73
267,0.38,-21.58  -26.04  -26.38
268,0.73,-21.62  -9.19  -17.03
269,0.58,-23.50  -17.50  -31.98
270,0.55,-21.17  -18.50  -18.42
271,0.53,-17.55  -16.74  -12.18
272,0.56,-15.68  -10.21  -18.60
273,0.63,-33.85  -17.63  -17.83
274,0.57,-25.08  -27.71  -21.99
275,0.50,-29.38  -10.07  -23.53
276,0.51,-18.86  -15.14  -14.73
277,0.41,-6.89  -23.61  -21.90
278,0.43,-16.70  -9.67  -15.07
279,0.73,-27.44  -12.70  0.00
280,0.57,-18.07  -39.88  -25.95
281,0.62,-24.86  -25.76  -25.23
282,0.46,-14.33  -25.64  -31.03
283,0.50,-22.80  -36.50  -28.93
284,0.55,-18.88  -12.71  -14.03
285,0.84,-38.80  -20.53  -12.63
286,0.75,-13.16  -11.53  -22.02
287,0.55,-24.04  -31.93  -21.22
288,0.71,-9.92  -27.45  -21.61
289,0.48,-22.35  -26.45  -20.76
290,0.46,-20.48  -19.61  -17.16
291,0.65,-23.12  -13.50  -9.46
292,0.44,-23.75  -29.99  -26.90
293,0.68,-19.64  -13.92  -12.50
294,0.41,-26.85  -29.82  -28.38
295,0.55,-15.77  -16.39  -17.27
296,0.35,-22.37  -21.77  -33.43
297,0.56,-20.04  -4.80  -16.65
298,0.45,-29.26  -33.67  -20.94
299,0.45,-27.20  -25.53  -26.04
300,0.48,-21.12  -23.94  -27.24
301,0.47,-18.62  -27.47  -35.01
302,0.48,-17.48  -20.81  -25.16
303,0.37,-15.81  -21.72  -24.35
304,0.63,-23.69  -16.22  -16.72
305,0.56,-23.47  -17.42  -18.75
306,0.66,-26.24  -20.39  -26.01
307,0.41,-19.06  -23.07  -18.28
308,0.43,-21.71  -30.63  -19.21
309,0.52,-14.09  -11.90  -11.93
310,0.83,-27.64  -34.67  -11.88
311,0.74,-32.50  -33.79  -14.99
312,0.87,-10.24  -23.16  -8.95
313,0.51,-15.29  -22.82  -19.64
314,0.82,-26.22  -26.50  -21.40
315,0.55,-17.41  -16.61  -9.60
316,0.53,-34.66  -31.76  -18.35
317,0.65,-36.29  -24.72  0.00
318,0.52,-13.48  -12.73  -31.70
319,0.44,-17.67  -17.40  -19.15
320,0.50,-11.06  -21.25  -22.45
321,0.46,-31.32  -26.33  0.00
322,0.49,-18.96  -15.84  -12.41
323,0.81,-23.50  -27.31  -28.32
324,0.53,-23.68  -15.20  -10.64
325,0.48,-23.72  -18.46  -11.77
326,0.80,-23.49  -10.41  -11.21
327,0.48,-14.04  -15.26  -16.20
328,0.81,-10.50  -14.87  -28.43
329,0.70,-21.16  -29.51  -25.02
330,0.80,-13.25  -15.17  -17.22
331,0.44,-28.99  -11.57  -23.49
332,0.69,-32.04  -40.21  -24.25
333,0.64,-25.20  -15.90  -24.23
334,0.58,-15.32  -19.98  -11.29
335,0.44,-13.35  -12.26  -15.75
336,0.63,-9.46  -15.09  -21.05
337,0.65,-27.28  -6.56  -22.61
338,0.39,-14.81  -10.60  -22.21
339,0.38,-21.13  -14.74  -16.46
340,0.61,-20.56  -18.26  -19.25
341,0.80,-25.25  -20.67  -19.50
342,0.64,-30.77  -20.31  -23.69
343,0.74,-31.26  -21.72  -29.52
344,0.38,-18.16  -11.68  -16.65
345,0.58,-28.90  -19.31  -28.57
346,0.69,0.00  -23.08  -18.74
347,0.58,-20.04  -19.62  -24.62
348,0.68,-20.34  -33.23  -21.13
349,0.54,-10.96  -17.59  -18.53
350,0.66,-17.40  -9.21  -16.80
351,0.78,-21.70  -23.61  -30.05
352,0.80,-20.47  -26.70  0.00
353,0.81,-13.68  -15.66  -20.64
354,0.57,-18.11  -25.13  -15.32
355,0.53,-18.68  -21.26  -16.53
356,0.62,-32.56  -30.57  -24.00
357,0.46,-18.12  0.00  -36.90
358,0.61,-29.48  -36.53  -35.19
359,0.48,-29.98  -20.98  -26.75
360,0.42,-22.47  -27.45  -21.47
361,0.61,-28.17  -17.39  -27.42
362,0.42,-21.00  -27.73  -23.46
363,0.49,-23.92  -14.85  -31.74
364,0.73,-16.62  -18.05  -14.24
365,0.48,-18.99  -21.47  -17.88
366,0.48,-22.45  -21.93  -27.41
367,0.61,-27.60  -6.11  -20.58
368,0.48,-25.55  -23.66  -18.13
369,0.51,-19.39  -22.92  -14.01
370,0.73,-24.58  -10.08  -14.28
371,0.69,0.00  -25.43  -33.96
372,0.48,-27.83  -25.38  -25.19
373,0.42,-24.97  -22.34  -29.07
374,0.47,-29.48  -26.41  -23.58
375,0.59,-16.98  -12.30  -18.59
376,0.68,-10.34  -29.71  -18.55
377,0.61,-15.78  -24.63  -22.26
378,0.81,-16.95  -16.63  -17.00
379,0.42,-24.78  -26.02  -22.71
380,0.42,-19.21  -24.43  -16.29
381,0.71,-24.15  -16.61  -24.00
382,0.64,-16.29  -25.65  -26.72
383,0.56,-20.26  -28.29  -22.24
384,0.47,-17.17  -10.58  -20.86
385,0.45,-21.65  -26.42  -21.17
386,0.61,-27.21  -27.27  -23.59
387,0.55,-27.65  -25.89  -16.57
388,0.66,-34.76  -15.35  -28.31
389,0.52,-23.57  -19.71  -22.52
390,0.40,-10.12  -19.82  -26.29
391,0.54,-20.26  -22.84  -18.72
392,0.75,-14.84  -16.29  -27.67
393,0.56,-15.26  -14.20  -5.77
394,0.70,-17.18  -16.92  -16.51
395,0.85,-23.57  -7.02  -16.31
396,0.63,-34.53  -17.98  -21.05
397,0.42,-22.46  -15.69  -17.36
398,0.71,-15.62  -17.64  -14.74
399,0.52,-13.87  -14.53  -21.79
400,0.66,-27.70  -15.20  -17.97
401,0.48,-25.62  -28.51  -20.65
402,0.78,-28.50  -23.03  -24.37
403,0.76,-16.82  0.00  -27.67
404,0.59,-16.93  -12.93  -19.22
405,0.42,-15.68  -20.11  -21.54
406,0.42,-22.93  -27.45  -17.86
407,0.75,-23.59  -22.13  -19.79
408,0.84,-19.58  -17.34  -24.93
409,0.47,-19.54  -21.33  -31.61
410,0.61,-17.46  -9.11  -30.66
411,0.41,-20.08  -14.78  -35.11
412,0.69,-32.88  -14.95  -25.14
413,0.63,-18.25  -23.19  -13.72
414,0.40,-18.12  -19.41  -11.12
415,0.53,-29.66  -21.16  -26.50
416,0.65,-30.15  -21.17  -20.16
417,0.68,-11.70  -17.53  -20.81
418,0.59,-34.67  -27.03  -24.92
419,0.42,-19.09  -18.86  -13.31
420,0.67,-15.96  -21.74  -7.52
421,0.45,-22.91  -30.54  -9.29
422,0.47,-20.84  -15.15  -20.93
423,0.61,-13.59  -15.69  -17.81
424,0.72,-17.33  -13.07  -17.46
425,0.62,-10.28  -32.80  -23.21
426,0.78,-28.31  -22.29  -15.20
427,0.66,-17.44  -17.50  -30.40
428,0.45,-5.25  -28.42  -20.02
429,0.47,-25.32  -16.61  -14.98
430,0.55,-21.05  -22.88  -21.33
431,0.40,-32.66  -28.08  -24.61
432,0.66,-30.80  -27.23  -23.82
433,0.37,-26.93  -26.96  -26.03
434,0.76,-23.26  -21.55  -16.63
435,0.84,-15.27  -27.98  -12.04
436,0.56,-20.96  -14.89  -4.94
437,0.83,-32.14  -26.26  -29.02
438,0.51,-31.37  -9.58  -33.00
439,0.39,-16.86  -10.69  -25.30
440,0.51,-28.36  -21.49  -19.41
441,0.42,-28.93  -30.86  -18.40
442,0.65,-32.06  -25.50  -23.40
443,0.42,-13.30  -13.86  -11.39
444,0.51,-21.17  -11.28  -12.22
445,0.38,-24.27  -24.90  -30.70
446,0.39,-27.68  -27.22  -21.76
447,0.72,-12.50  -23.79  -24.64
448,0.61,-15.35  -21.54  -26.48
449,0.66,-33.65  -20.29  -25.51
450,0.58,-25.62  -28.50  -17.76
451,0.58,-29.12  -18.90  -19.70
452,0.40,-24.67  -16.29  -21.59
453,0.52,-18.87  -18.12  -23.01
454,0.52,-22.70  -16.27  -15.16
455,0.52,-14.00  -13.30  -13.35
456,0.41,-23.15  -27.79  -25.23
457,0.58,-21.42  -34.11  -36.63
458,0.56,-7.36  -25.71  -18.47
459,0.76,-31.07  -23.11  -17.07
460,0.86,-19.96  -10.27  -15.17
461,0.41,-22.00  -27.11  -32.14
462,0.47,-19.60  -17.48  -15.93
463,0.89,-34.12  0.00  -24.08
464,0.54,-14.77  -21.33  -7.05
465,0.67,-17.50  -27.55  -31.34
466,0.61,-27.23  -12.09  -36.90
467,0.70,-30.75  -14.28  -20.01
468,0.61,-12.42  -8.19  -21.24
469,0.71,-24.55  -27.01  -34.06
470,0.59,-20.26  -25.58  -17.08
471,0.68,-13.48  -30.89  -18.06
472,0.44,-25.28  0.00  -21.93
473,0.61,-29.85  -27.49  -25.35
474,0.67,-14.14  -38.79  -30.21
475,0.67,-35.00  -24.42  0.00
476,0.66,-19.64  -10.53  -25.07
477,0.66,-16.83  -25.55  -16.63
478,0.43,-17.46  -25.09  -21.12
479,0.53,-16.62  -19.87  -18.73
480,0.61,-13.28  -7.58  -24.30
481,0.58,-6.95  -19.06  -16.81
482,0.64,-12.57  -10.36  -19.65
483,0.47,-17.36  -19.81  -12.67
484,0.74,-7.56  -19.04  -12.62
485,0.55,-18.64  -31.67  -12.95
486,0.77,-30.96  -22.88  0.00
487,0.71,-16.70  -23.93  -20.33
488,0.79,-27.87  -34.95  -26.16
489,0.74,-28.24  -12.71  -16.22
490,0.50,-30.34  -33.52  -32.58
491,0.76,-36.16  -29.23  -14.88
492,0.44,-24.51  -27.17  -17.68
493,0.52,-17.89  -33.60  -21.92
494,0.50,-26.56  -32.62  -14.45
495,0.42,-19.95  -17.22  -26.90
496,0.78,-16.31  -29.06  -19.47
497,0.41,-17.47  -17.89  -18.60
498,0.71,-23.65  -22.74  0.00
499,0.80,-25.32  -18.52  -23.15
500,0.57,-12.59  -32.08  -25.76
501,0.70,-22.12  -17.88  -11.22
502,0.45,-14.01  -14.12  -16.00
503,0.56,-22.39  -8.83  -22.64
504,0.56,-23.93  -16.07  -19.36
505,0.53,-16.55  -16.17  -25.35
506,0.63,-23.91  -33.14  -23.80
507,0.60,-13.67  -16.70  -18.41
508,0.60,-23.94  -23.90  -21.11
509,0.61,-11.17  -18.27  -17.36
510,0.47,-27.50  -28.19  -25.79
511,0.59,-11.07  -11.59  -14.21
512,0.50,-23.49  -28.21  -13.22
513,0.47,-13.98  -17.96  -19.12
514,0.47,-23.60  -23.26  -26.16
515,0.57,-26.52  -18.64  -14.04
516,0.67,-23.22  -18.87  -26.20
517,0.48,-20.78  -26.32  -24.48
518,0.48,-25.59  -24.89  -17.09
519,0.81,-19.85  -19.24  -27.35
520,0.72,-33.14  -22.93  -26.45
521,0.59,-25.57  -22.98  -16.57
522,0.57,-22.27  -15.97  -15.92
523,0.69,0.00  -30.54  -13.80
524,0.38,-26.10  -19.51  -26.66
525,0.42,-30.86  -34.72  -35.13
526,0.53,-18.72  -31.52  -19.76
527,0.50,-11.16  -15.68  -31.77
528,0.44,-20.70  -17.82  -24.52
529,0.63,-29.59  -22.78  -33.29
530,0.43,-17.57  -17.15  -19.47
531,0.63,-9.66  -16.94  -19.97
532,0.40,-18.57  -22.16  -12.88
533,0.84,-26.73  -28.86  -18.87
534,0.58,-21.97  -21.51  -27.31
535,0.70,-20.11  -27.16  -12.60
536,0.42,-21.08  -23.33  -22.56
537,0.63,-27.44  -29.66  -29.62
538,0.47,-29.37  -19.68  -17.45
539,0.50,-26.63  -20.13  -19.08
540,0.84,-18.33  -16.51  -17.55
541,0.55,-7.97  -19.35  -11.70
542,0.45,-27.64  -20.75  -31.66
543,0.60,-18.77  -18.80  -18.81
544,0.89,-22.27  -16.06  -18.54
545,0.76,-4.61  -16.33  -17.49
546,0.54,-32.15  -29.53  -20.83
547,0.53,-24.24  -19.93  -23.69
548,0.44,-25.25  -31.54  -24.17
549,0.41,-18.34  -26.57  -19.93
550,0.53,-28.29  -14.73  -15.13
551,0.60,-12.87  -16.20  -20.27
552,0.59,-20.61  -24.09  -16.11
553,0.65,-13.66  -20.47  -11.46
554,0.61,-12.94  -21.85  -16.49
555,0.44,-15.33  -12.90  -18.57
556,0.71,-19.21  -18.33  -17.08
557,0.45,-17.96  -19.67  -23.79
558,0.54,-14.83  -25.87  -26.17
559,0.55,-20.63  -21.03  -20.19
560,0.73,-24.49  -17.48  -20.57
561,0.43,-30.21  -22.84  -28.60
562,0.38,-27.35  -16.81  -20.93
563,0.45,-12.07  -33.55  -18.85
564,0.54,-15.44  -26.33  -14.83
565,0.54,-18.01  -28.04  -22.44
566,0.51,-21.04  -15.42  -19.97
567,0.61,-24.63  -24.08  0.00
568,0.62,-32.30  -30.15  -28.93
569,0.54,-37.42  -30.94  -21.11
570,0.88,-24.48  -13.24  -20.18
571,0.60,-21.58  -17.70  -22.68
572,0.53,-27.30  -22.27  -16.45
573,0.47,-4.37  -15.99  -19.27
574,0.42,-21.13  -17.22  -19.22
575,0.60,-18.37  -14.01  -19.53
576,0.45,-30.38  -14.63  -19.63
577,0.57,-20.93  -23.56  -14.70
578,0.40,-23.74  -17.12  -16.99
579,0.43,-20.15  -26.69  -12.11
580,0.49,-17.42  -24.83  -17.25
581,0.59,-10.46  -13.61  -18.10
582,0.51,-35.22  -26.45  -9.31
583,0.46,-16.90  -16.56  -23.64
584,0.61,-5.34  -19.32  -21.44
585,0.65,-12.40  -19.23  -29.15
586,0.47,-12.25  -22.14  -18.44
587,0.66,-11.84  -29.04  -11.99
588,0.66,-16.92  -26.93  -27.67
589,0.50,-23.03  -18.18  -24.93
590,0.85,0.00  -23.07  -28.49
591,0.65,-20.22  -29.79  -29.53
592,0.70,-12.03  -19.68  -13.48
593,0.54,-19.99  -14.47  -13.19
594,0.80,-6.03  -19.78  -11.38
595,0.65,-23.60  -17.37  -20.35
596,0.78,-34.29  -24.30  0.00
597,0.41,-21.67  -27.97  -21.10
598,0.61,-20.60  -12.69  -18.53
599,0.66,-22.11  -19.26  -21.94
600,0.54,-21.99  -21.37  -10.49
601,0.39,-15.53  -20.68  -14.89
602,0.60,-14.09  -14.18  -11.10
603,0.73,-24.15  -31.45  -29.50
604,0.57,-15.65  -21.40  -18.46
605,0.55,-17.97  -8.32  -17.18
606,0.40,-21.23  -18.94  -22.94
607,0.48,-22.03  -28.77  -25.59
608,0.61,-22.79  -25.63  -15.82
609,0.50,-21.05  -13.12  -21.31
610,0.77,-10.39  -20.48  -6.59
611,0.40,-19.27  -15.73  -22.80
612,0.67,-14.18  -14.29  -18.33
613,0.38,-15.80  -24.69  -15.06
614,0.45,-26.44  -18.63  -26.39
615,0.52,-19.39  -18.80  -33.00
616,0.60,-24.33  -29.23  -27.79
617,0.68,-22.40  -27.24  -15.76
618,0.50,-26.54  -23.52  -30.09
619,0.72,-10.29  -25.31  -12.47
620,0.72,-9.89  -8.87  -23.49
621,0.42,-12.92  -24.06  -14.61
622,0.50,-19.41  -21.38  -14.29
623,0.71,-22.05  -18.53  -26.72
624,0.37,-16.63  -11.13  -10.36
625,0.60,-10.88  -24.67  -9.96
626,0.41,-21.42  -17.01  -14.88
627,0.69,-36.06  -22.80  -22.51
628,0.38,-15.23  -23.24  -21.98
629,0.79,-28.71  0.00  -30.83
630,0.47,-15.28  -16.09  -21.94
631,0.55,-27.27  -32.58  -23.34
632,0.54,-26.09  -21.31  -20.94
633,0.54,-23.19  -24.84  -29.07
634,0.60,-9.37  -31.74  -25.96
635,0.49,-13.40  -14.40  -24.88
636,0.51,-19.88  -12.91  -11.04
637,0.63,-22.85  -24.29  -27.34
638,0.46,-34.28  -27.31  -13.05
639,0.56,-30.51  -17.38  -29.42
640,0.65,-22.10  -15.83  -17.56
641,0.41,-21.46  -20.17  -29.49
642,0.73,-24.42  -23.70  -13.86
643,0.59,-21.13  -21.98  -16.63
644,0.57,-33.81  -21.80  -21.12
645,0.50,-15.61  -15.67  -23.40
646,0.70,-16.44  -19.28  -26.69
647,0.55,-25.68  -21.91  -18.66
648,0.49,-13.31  -17.32  -16.52
649,0.56,0.00  -19.93  -34.58
650,0.65,-22.91  -20.48  -30.06
651,0.75,-14.58  -16.94  -14.62
652,0.65,-17.36  -19.06  -22.67
653,0.53,-21.04  -11.69  -17.56
654,0.49,-15.14  -15.06  -19.11
655,0.62,-16.32  -26.34  -20.64
656,0.78,-30.26  -26.10  -25.39
657,0.83,-15.15  -18.75  -24.40
658,0.61,-16.97  -17.07  -15.96
659,0.55,-24.86  -18.96  -33.37
660,0.57,-25.67  -20.35  -10.42
661,0.73,-27.91  -23.60  -24.36
662,0.37,-22.53  -14.79  -16.76
663,0.61,-27.77  -19.97  -17.10
664,0.59,-22.81  -25.84  -22.32
665,0.61,-25.29  -10.92  -32.05
666,0.66,-18.27  -26.09  -22.21
667,0.48,-23.50  -17.46  -16.58
668,0.44,-20.97  -25.66  -19.63
669,0.50,-21.43  -18.83  -13.89
670,0.71,-35.12  -29.25  -14.29
671,0.66,-15.55  -22.30  -21.34
672,0.71,-19.96  -21.31  -24.95
673,0.49,-28.83  -23.81  -25.50
674,0.74,-16.62  -19.04  -15.86
675,0.62,-19.83  -18.11  -14.17
676,0.58,-13.76  -26.16  -29.01
677,0.85,-36.86  0.00  -23.43
678,0.39,-15.59  -8.51  -29.87
679,0.68,-27.41  -10.54  -27.72
680,0.47,-33.89  -30.51  -23.04
681,0.53,-25.37  -13.32  -25.33
682,0.57,-26.48  -25.55  -29.44
683,0.67,-28.58  -33.86  -7.84
684,0.55,-20.00  -19.54  -18.24
685,0.67,-13.01  -22.45  -18.79
686,0.50,-18.40  -21.69  -14.98
687,0.41,-17.34  -20.28  -14.54
688,0.43,-14.24  -16.09  -16.15
689,0.37,-17.89  -24.65  -21.71
690,0.62,-23.72  -28.05  -17.80
691,0.66,-25.58  -22.24  -25.53
692,0.55,-20.68  -30.77  -10.63
693,0.53,-17.44  -14.16  -14.19
694,0.66,-10.03  -11.48  -29.55
695,0.67,-10.24  -34.58  -26.22
696,0.51,-18.34  -11.04  -20.95
697,0.64,-24.89  -17.00  -15.63
698,0.50,-17.48  -21.14  -32.19
699,0.49,-20.76  -12.48  -28.20
700,0.78,-9.81  -14.35  -24.09
701,0.51,-10.17  -30.16  -25.91
702,0.77,-32.20  -27.84  -18.40
703,0.49,-27.40  -26.96  -25.01
704,0.62,-33.79  -22.58  -13.94
705,0.68,-17.31  -8.95  -9.55
706,0.83,-12.46  -21.50  -9.31
707,0.70,-27.97  -33.42  -19.66
708,0.45,-18.21  -24.67  -31.42
709,0.67,-21.43  -18.57  -22.56
710,0.47,-23.68  -23.15  -24.38
711,0.53,-31.40  -20.39  -26.28
712,0.63,-31.15  0.00  -29.53
713,0.43,-18.05  -18.90  -20.01
714,0.40,-10.63  -21.49  -15.60
715,0.72,-17.21  -26.20  -32.78
716,0.43,-19.08  -15.99  -9.43
717,0.44,-14.09  -13.39  -19.31
718,0.79,-32.55  -9.75  -9.06
719,0.76,-29.73  -29.44  -32.38
720,0.41,-20.86  -17.34  -21.59
721,0.48,-20.58  -23.07  -23.35
722,0.54,-13.30  -17.28  -11.67
723,0.56,-17.54  -25.52  -17.02
724,0.62,-26.11  -18.99  -25.37
725,0.57,-26.18  0.00  -13.32
726,0.60,-35.26  -26.98  -20.30
727,0.76,-27.11  -12.44  -39.65
728,0.49,-26.13  -15.26  -29.85
729,0.48,-25.13  -24.66  -23.85
730,0.35,-21.00  -29.74  -26.46
731,0.52,-25.58  -18.71  -21.91
732,0.36,-24.96  -35.38  -25.77
733,0.70,-17.35  -18.17  -17.50
734,0.58,-26.71  -29.47  -28.71
735,0.67,-19.45  -13.80  -14.62
736,0.48,-24.85  -21.25  -17.26
737,0.90,-23.25  -33.19  -23.62
738,0.61,-20.85  -18.66  -17.84
739,0.42,-18.44  -20.14  -21.27
740,0.78,-22.08  -18.98  -12.94
741,0.51,-19.07  -15.97  -14.54
742,0.45,-20.44  -17.13  -15.26
743,0.43,-32.56  -31.21  -30.38
744,0.76,-28.51  -27.98  -19.25
745,0.35,-15.09  -10.96  -11.15
746,0.74,-14.74  -9.70  -22.49
747,0.36,-22.42  -18.66  -18.43
748,0.52,-29.60  -27.30  -31.54
749,0.66,-18.67  -22.32  -18.06
750,0.57,-17.28  -20.91  -25.37
751,0.48,-28.87  -24.02  -32.60
752,0.43,-35.49  -20.21  -9.47
753,0.56,-18.39  -18.60  -33.78
754,0.56,-21.21  -25.35  -24.09
755,0.55,-28.53  -33.33  -26.74
756,0.52,-18.24  -23.98  -18.25
757,0.56,-24.96  -26.16  -29.73
758,0.41,-14.62  -17.36  -20.94
759,0.59,-7.57  -26.59  -21.67
760,0.80,-29.79  -16.53  0.00
761,0.57,-28.90  -16.77  -17.81
762,0.52,-28.27  -25.98  0.00
763,0.83,-26.85  -30.28  -12.43
764,0.41,-13.43  -27.89  -15.44
765,0.57,-12.65  -12.52  -18.36
766,0.48,-27.09  -6.18  -16.95
767,0.51,-15.50  -20.29  -14.12
768,0.51,-14.27  -27.51  -34.96
769,0.35,-15.18  -16.80  -20.29
770,0.38,-16.01  -15.14  -23.58
771,0.70,-23.80  -13.42  -33.11
772,0.78,-19.83  -22.98  -22.84
773,0.63,-16.83  -24.62  -5.85
774,0.69,-18.33  -12.09  -18.34
775,0.45,-28.18  -19.73  -21.56
776,0.36,-23.82  -16.47  -34.20
777,0.36,-31.15  -25.47  -10.29
778,0.67,-16.47  -35.89  -15.45
779,0.83,0.00  -21.56  -27.13
780,0.38,-23.26  -28.03  -19.30
781,0.60,-13.85  -15.95  -18.12
782,0.41,-33.07  -15.40  -36.12
783,0.56,-19.09  -7.28  -21.81
784,0.73,-17.49  -18.15  -20.80
785,0.68,-20.87  -23.59  -23.68
786,0.51,-21.69  -16.85  -19.95
787,0.60,-25.98  -25.82  -28.63
788,0.49,-15.96  -18.35  -35.26
789,0.54,-23.91  -17.09  -31.48
790,0.68,-21.59  -15.06  -17.41
791,0.56,-21.23  -30.21  -37.64
792,0.70,-20.52  -35.46  -32.92
793,0.36,-19.59  -27.53  -18.97
794,0.40,-25.61  -18.52  -30.28
795,0.56,-25.28  -20.99  -24.94
796,0.57,-13.24  -23.35  -29.67
797,0.54,-29.19  -25.80  -22.32
798,0.45,-25.70  -20.69  -23.66
799,0.81,-20.21  -19.11  -20.88
800,0.41,-15.95  -12.52  -15.62
801,0.75,-17.71  -30.69  -16.09
802,0.50,-27.38  -20.91  -23.53
803,0.74,-21.84  -23.85  -26.07
804,0.53,-32.48  -14.16  -20.28
805,0.49,-25.67  -16.40  -22.87
806,0.49,-16.56  -17.92  -15.59
807,0.63,-16.50  -14.58  -17.78
808,0.62,-32.25  -22.43  -32.92
809,0.51,-7.89  -11.13  -18.82
810,0.69,-13.47  -12.95  -14.98
811,0.60,-10.81  -13.99  -27.43
812,0.66,-20.96  -35.47  -25.61
813,0.51,-35.41  -22.39  -18.09
814,0.80,-26.72  -15.06  0.00
815,0.54,-23.28  -14.56  -7.15
816,0.45,-29.68  -18.25  -31.68
817,0.51,-15.97  -13.88  -28.98
818,0.62,-19.21  -25.95  -19.07
819,0.75,-32.12  -30.41  -18.34
820,0.66,-24.21  -35.47  -25.74
821,0.51,-12.81  -20.39  -11.95
822,0.57,-24.58  -16.62  -14.68
823,0.51,-18.83  -20.07  -19.33
824,0.38,-16.06  -23.64  -28.90
825,0.78,-22.37  -7.58  -11.22
826,0.57,-18.97  -13.46  -17.35
827,0.50,-23.53  -24.76  -30.50
828,0.47,-39.76  -22.23  -27.99
829,0.56,-32.92  -17.83  -27.90
830,0.74,-21.02  -18.33  -23.02
831,0.63,-23.54  -30.08  -21.03
832,0.77,-16.19  -15.88  -6.63
833,0.51,-16.04  -20.79  -19.94
834,0.53,-19.63  -26.60  -20.37
835,0.43,-28.96  -15.73  -20.68
836,0.53,-23.23  -23.99  -24.18
837,0.58,-28.04  -18.62  -21.14
838,0.80,-34.08  -32.11  -23.55
839,0.81,-9.44  -28.73  -10.07
840,0.70,-24.32  -20.80  0.00
841,0.49,-21.40  -16.36  -15.65
842,0.46,-20.88  -10.95  -17.16
843,0.53,-22.14  -26.34  -11.40
844,0.46,-16.61  -14.15  -25.75
845,0.78,-19.37  -28.35  -25.43
846,0.48,-27.07  -16.21  -32.46
847,0.69,-18.28  -16.11  -21.41
848,0.65,-28.32  -22.68  -27.21
849,0.57,-21.31  -23.40  -30.69
850,0.75,-30.63  -26.88  -31.69
851,0.48,-21.42  -17.85  -16.56
852,0.37,-20.56  -25.93  -26.47
853,0.44,-32.85  -27.88  -25.97
854,0.82,-24.41  -20.36  -29.86
855,0.40,-27.16  -27.01  -23.03
856,0.35,-24.02  -22.17  -22.85
857,0.56,-22.67  -25.35  -30.03
858,0.39,-15.69  -13.18  -14.44
859,0.64,-20.05  -25.19  -7.59
860,0.70,-21.58  -20.65  -23.10
861,0.70,-19.19  -18.38  -28.99
862,0.87,-16.48  0.00  -19.67
863,0.41,-6.45  -19.53  -18.66
864,0.53,-16.47  -16.36  -32.80
865,0.51,-33.50  -20.54  -22.22
866,0.84,-25.49  -26.31  0.00
867,0.58,-13.05  -28.38  -10.56
868,0.60,-4.64  -9.27  -23.53
869,0.56,-22.49  -32.70  -32.12
870,0.81,-17.15  -22.83  -23.11
871,0.49,-16.21  -22.10  -7.48
872,0.36,-19.38  -30.56  -21.02
873,0.61,-29.43  -19.07  -14.30
874,0.50,-15.26  -24.61  -20.28
875,0.51,-11.77  -13.57  -17.53
876,0.55,-18.37  -23.92  -7.97
877,0.65,-15.35  -26.86  -17.44
878,0.49,-23.37  -8.80  -37.33
879,0.46,-29.37  -19.11  -22.30
880,0.60,-13.55  -23.06  -22.05
881,0.58,-13.95  -18.85  -10.38
882,0.49,-27.45  -28.36  -30.42
883,0.54,-26.99  -32.36  -23.79
884,0.65,-18.33  -20.78  -28.38
885,0.51,-15.85  -17.73  -15.79
886,0.45,-22.61  -18.86  -23.24
887,0.79,-17.82  -24.27  0.00
888,0.78,-36.46  -23.71  -16.51
889,0.47,-12.33  -25.76  -27.65
890,0.61,-27.41  -22.45  -10.78
891,0.72,-18.43  -19.51  -15.21
892,0.76,-12.89  -17.83  -26.46
893,0.60,-19.89  -6.75  -19.78
894,0.64,-13.62  -18.73  -8.50
895,0.53,-23.57  -10.66  -19.44
896,0.49,-26.18  -25.41  -28.15
897,0.57,-16.82  -11.24  -7.45
898,0.43,-16.16  -13.72  -17.59
899,0.54,-18.80  -31.17  -16.80
900,0.45,-18.70  -19.47  -8.92
901,0.50,-16.99  -21.96  -24.86
902,0.38,-24.79  -16.53  -10.88
903,0.43,-15.84  -16.83  -17.31
904,0.52,-32.36  -22.53  -22.74
905,0.61,-16.31  -21.81  -29.52
906,0.43,-23.56  -13.94  -19.02
907,0.55,-28.50  -20.52  -23.96
908,0.57,-23.19  -17.69  -16.18
909,0.61,-19.89  -26.59  -18.28
910,0.68,-26.01  -25.57  -21.14
911,0.83,-13.36  -36.40  -22.86
912,0.59,-29.45  -12.52  -29.14
913,0.39,-20.01  -20.45  -20.93
914,0.48,-26.41  -14.48  -16.61
915,0.78,-30.97  -23.86  -28.89
916,0.74,-26.23  -29.62  0.00
917,0.49,-17.04  -24.16  -14.41
918,0.54,-15.28  -16.40  -13.48
919,0.41,-24.89  -19.55  -23.97
920,0.59,-21.29  -14.08  -23.43
921,0.49,-21.65  -33.81  -28.33
922,0.65,-18.37  -25.06  -14.04
923,0.69,-11.20  -21.00  -26.83
924,0.43,-21.13  -22.40  -19.43
925,0.57,-16.32  -19.81  -21.33
926,0.55,-24.24  -23.79  -25.73
927,0.72,-23.11  -22.72  -12.05
928,0.49,-13.72  -36.80  -21.39
929,0.51,-14.81  -28.88  -16.19
930,0.67,-22.17  -12.81  -12.45
931,0.68,-32.67  -28.93  -31.28
932,0.42,-35.14  -30.38  -22.39
933,0.39,-23.81  -23.09  -21.33
934,0.80,-19.67  -10.34  -16.12
935,0.48,-28.98  -19.03  -14.85
936,0.53,-24.49  -19.09  -15.54
937,0.60,-25.47  -27.70  -19.88
938,0.62,-21.14  -22.44  -24.07
939,0.42,-25.00  -17.32  -23.35
940,0.47,-14.06  -16.32  -19.87
941,0.74,-20.05  -27.51  -23.63
942,0.66,-19.28  -32.77  -26.76
943,0.51,-14.81  -20.51  -24.48
944,0.45,-26.72  -14.87  -25.64
945,0.64,-19.95  -22.06  -29.33
946,0.56,-23.84  -16.89  -19.53
947,0.38,-8.73  -17.83  -14.33
948,0.54,-33.18  -15.41  -28.98
949,0.67,-31.06  -18.19  -28.03
950,0.50,-30.22  -27.77  -27.44
951,0.49,-22.26  -28.05  -25.67
952,0.54,-11.15  -5.86  -23.42
953,0.50,-25.39  -22.71  -32.27
954,0.54,-10.88  -17.88  -12.05
955,0.47,-19.41  -33.32  -29.58
956,0.66,-19.48  -21.06  -19.75
957,0.50,-21.43  -27.36  -26.20
958,0.63,-21.84  -14.87  -27.09
959,0.44,-13.45  -16.26  -20.96
960,0.42,-11.94  -13.65  -17.07
961,0.70,-19.82  -19.40  -22.63
962,0.77,-28.48  -23.95  0.00
963,0.37,-29.01  -21.36  -16.69
964,0.47,-26.45  -19.88  -22.62
965,0.59,-31.33  -15.67  -8.55
966,0.72,-17.37  -15.66  -17.15
967,0.59,-28.57  -22.83  -32.91
968,0.68,-16.83  -20.50  -19.61
969,0.78,-12.73  -17.65  -21.53
970,0.67,-25.77  -31.57  -16.83
971,0.61,-23.69  -23.23  -21.13
972,0.51,-32.15  -32.63  -28.58
973,0.77,-21.07  -16.07  -5.84
974,0.46,-14.85  -14.36  -12.56
975,0.49,-27.98  -16.00  -15.59
976,0.83,0.00  -35.03  -23.79
977,0.52,-16.29  -18.43  -15.91
978,0.68,-24.46  -28.07  -9.00
979,0.77,-20.79  0.00  -29.79
980,0.75,-19.17  -18.51  -20.54
981,0.74,-5.59  -27.70  -13.59
982,0.50,-10.69  -19.91  -22.71
983,0.61,-25.38  -13.30  -24.38
984,0.57,-16.77  -13.43  -29.12
985,0.54,-24.24  -15.36  -29.99
986,0.60,-19.34  -26.21  -18.90
987,0.35,-25.79  -20.69  -30.44
988,0.41,-17.40  -22.72  -24.55
989,0.68,-18.44  -20.75  -17.28
990,0.63,-24.07  -24.34  -29.68
991,0.72,-18.54  -14.94  -11.04
992,0.47,-20.58  -10.05  -24.89
993,0.56,-28.04  -30.62  -30.38
994,0.51,-23.51  -18.13  -26.08
995,0.65,0.00  -14.86  -34.36
996,0.39,-24.75  -25.89  -27.07
997,0.69,-25.11  -20.43  -39.48
998,0.57,-24.12  -23.72  -8.84
999,0.68,-14.46  -20.88  -25.05
1000,0.42,-25.30  -32.47  -26.71
1001,0.56,-19.45  -10.93  -6.83
1002,0.45,-26.62  -20.72  -27.91
1003,0.67,-22.70  -29.96  -28.98
1004,0.61,-23.43  -13.44  -6.25
1005,0.83,-26.23  -33.14  -8.98
1006,0.48,-24.41  -21.60  -29.40
1007,0.67,-28.34  -31.96  -28.10
1008,0.43,-33.50  -17.80  -28.28
1009,0.39,-23.72  -21.13  -20.34
1010,0.57,-18.95  -15.74  -13.14
1011,0.64,-15.64  -13.27  -15.59
1012,0.53,-17.81  0.00  -32.80
1013,0.83,-9.39  -24.92  -15.14
1014,0.50,-41.79  -26.75  -22.12
1015,0.63,-31.33  -26.91  -16.00
1016,0.54,-24.87  -18.42  -23.35
1017,0.56,-31.57  -27.97  -11.23
1018,0.59,-29.64  -18.83  -32.26
1019,0.82,-15.89  -21.55  -29.19
1020,0.39,-32.07  -28.28  -23.35
1021,0.55,-19.38  -21.46  -25.70
1022,0.43,-25.27  -16.56  -12.22
1023,0.46,-17.26  -11.47  -23.05
1024,0.48,-14.03  -19.96  -10.38
1025,0.67,-8.09  -16.48  -18.33
1026,0.43,-12.41  -18.67  -23.06
1027,0.49,-22.76  -23.02  -10.31
1028,0.47,-16.72  -18.72  -19.18
1029,0.56,-23.87  -20.54  -16.11
1030,0.42,-29.47  -24.33  -27.99
1031,0.80,-19.85  -27.55  -31.54
1032,0.85,-5.79  -12.32  -33.02
1033,0.59,-30.56  -19.76  -17.29
1034,0.41,-14.46  -21.06  -22.65
1035,0.39,-16.16  -21.31  -15.96
1036,0.64,-17.65  -22.11  -10.88
1037,0.80,-29.73  -17.93  -11.86
1038,0.54,-19.90  -20.97  -24.53
1039,0.40,-19.52  -9.39  -16.73
1040,0.51,-15.05  -19.22  -10.05
1041,0.43,-15.51  -14.49  -13.90
1042,0.74,-28.96  -15.86  -18.11
1043,0.69,-25.36  -15.46  -15.03
1044,0.48,-17.73  -25.17  -28.68
1045,0.55,-20.58  -16.85  -29.79
1046,0.76,-24.95  -27.76  -25.01
1047,0.42,-17.49  -29.25  -9.66
1048,0.39,-16.01  -16.66  -17.08
1049,0.40,-14.86  -24.21  -15.14
1050,0.39,-14.10  -14.95  -9.05
1051,0.54,-25.81  -17.97  -28.60
1052,0.48,-21.44  -32.73  -13.24
1053,0.88,-18.73  -16.77  -18.42
1054,0.48,-5.67  -8.41  -32.10
1055,0.69,-7.36  -19.42  -22.35
1056,0.42,-27.79  -27.30  -26.38
1057,0.78,-18.21  -25.14  -6.76
1058,0.58,-21.43  -12.69  -24.01
1059,0.49,-26.58  -20.70  -33.19
1060,0.54,-12.98  -24.91  -33.17
1061,0.42,-14.04  -22.49  -26.47
1062,0.69,-18.18  -19.76  -19.09
1063,0.67,-10.40  -14.38  -14.37
1064,0.41,-23.89  -24.91  -25.46
1065,0.45,-20.93  -25.92  -10.75
1066,0.60,-23.47  -29.57  -21.02
1067,0.62,-16.62  -18.60  -22.33
1068,0.54,-15.89  -25.83  -29.07
1069,0.52,-24.58  -15.82  -17.60
1070,0.69,-19.70  -13.75  -14.78
1071,0.84,-19.60  -31.91  -14.67
1072,0.38,-23.62  -19.14  -12.80
1073,0.55,-18.08  -12.34  -19.15
1074,0.66,-17.62  -23.73  0.00
1075,0.46,-16.25  -17.26  -17.62
1076,0.51,-29.14  -28.34  -24.39
1077,0.57,-12.75  -18.68  -11.30
1078,0.80,-31.07  -30.17  -17.75
1079,0.43,-20.16  -23.51  -21.18
1080,0.48,-12.80  -23.29  -15.97
1081,0.63,-36.50  -11.57  -25.20
1082,0.53,-26.11  -24.19  -24.70
1083,0.45,-17.57  -16.34  -23.03
1084,0.56,-12.58  -16.50  -18.35
1085,0.58,-14.60  -21.75  -13.71
1086,0.53,-17.10  -14.93  -13.55
1087,0.37,-21.31  -25.68  -16.74
1088,0.62,-14.56  -12.23  -26.74
1089,0.47,-33.29  -22.84  -27.41
1090,0.59,-26.72  -13.30  -17.76
1091,0.74,-18.50  -19.23  -11.28
1092,0.53,-26.46  -27.95  -14.36
1093,0.56,-19.65  -23.42  -7.03
1094,0.68,-18.71  -17.36  -5.57
1095,0.41,-25.59  -23.06  -21.98
1096,0.40,-34.11  -27.70  -31.24
1097,0.53,-17.29  -21.69  -19.92
1098,0.80,-19.55  -16.00  -12.35
1099,0.45,-24.25  -21.66  -16.40
1100,0.44,-23.88  -14.49  -12.52
1101,0.78,-34.76  -24.11  -11.92
1102,0.79,-29.88  -27.46  -18.46
1103,0.72,-30.16  -35.76  -32.58
1104,0.64,-9.09  -10.47  -20.03
1105,0.65,-25.50  -31.03  -23.05
1106,0.51,-27.34  -17.19  -6.99
1107,0.40,-13.95  -20.18  -16.14
1108,0.77,-22.69  -15.67  -29.95
1109,0.42,-15.70  -11.01  -28.37
1110,0.38,-22.49  -22.01  -11.54
1111,0.46,-24.78  -20.50  -18.86
1112,0.46,-23.10  -19.25  -13.58
1113,0.43,-18.43  -14.09  -15.75
1114,0.46,-19.85  -17.40  -16.47
1115,0.62,-17.30  -24.80  -9.97
1116,0.60,-27.16  -15.31  -10.78
1117,0.56,-25.39  -10.23  -21.00
1118,0.53,-13.49  -31.52  -7.20
1119,0.45,-23.61  -20.97  -34.40
1120,0.41,-16.60  -14.79  -14.33
1121,0.46,-17.59  -17.47  -31.03
1122,0.58,-21.64  -21.95  -28.82
1123,0.66,-31.57  -26.84  -26.43
1124,0.72,-25.94  -26.88  -23.97
1125,0.41,-28.56  -18.06  -28.60
1126,0.67,-9.97  -18.30  -12.43
1127,0.49,-21.79  -13.61  -14.00
1128,0.64,-13.58  -14.68  -12.93
1129,0.50,-20.04  -23.51  -20.85
1130,0.40,-27.90  -24.72  -25.44
1131,0.62,-17.14  -19.11  -23.24
1132,0.44,-23.86  -11.62  -9.58
1133,0.45,-27.90  -30.84  -24.25
1134,0.75,-18.96  -21.29  -20.49
1135,0.42,-23.50  -16.02  -14.94
1136,0.47,-19.48  -21.13  -26.65
1137,0.56,-21.64  -22.03  -13.71
1138,0.47,-15.92  -29.35  -29.06
1139,0.37,-30.55  -28.47  -22.69
1140,0.68,-15.60  -20.63  -14.00
1141,0.53,-21.62  -14.97  -25.23
1142,0.48,-26.36  -23.73  -27.69
1143,0.65,-9.35  -21.49  -16.86
1144,0.66,-17.03  -14.00  -28.69
1145,0.51,-14.44  -15.64  -17.31
1146,0.44,-24.02  -18.05  -10.06
1147,0.73,-22.50  -25.36  -28.13
1148,0.55,-25.18  -25.05  -19.77
1149,0.62,-26.32  -13.50  -31.28
1150,0.59,-16.30  -16.04  -22.69
1151,0.53,-15.82  -26.34  -21.04
1152,0.50,-24.07  -25.04  -22.15
1153,0.76,-24.84  -22.01  -39.34
1154,0.35,-9.38  -19.45  -12.93
1155,0.60,-41.88  -16.10  -12.20
1156,0.59,-26.71  -25.02  -23.42
1157,0.54,-17.13  -28.27  -19.64
1158,0.74,-26.63  -15.02  -18.79
1159,0.52,-26.77  -22.56  -21.66
1160,0.58,-15.95  -21.76  -32.52
1161,0.36,-24.99  -23.12  -23.82
1162,0.78,-18.52  -21.51  -23.70
1163,0.86,-18.62  -11.13  -23.68
1164,0.42,-17.13  -10.42  -12.00
1165,0.40,-11.24  -17.60  -20.25
1166,0.49,-15.38  -18.45  -18.71
1167,0.56,-27.33  -27.70  0.00
1168,0.52,-25.39  -17.73  -19.84
1169,0.67,-15.30  -23.52  -30.90
1170,0.79,-18.47  -16.54  -19.68
1171,0.51,-27.29  -32.32  -30.90
1172,0.42,-20.36  -13.82  -18.76
1173,0.56,-8.96  -16.65  -14.61
1174,0.76,-17.35  -23.30  -35.76
1175,0.55,-19.33  -15.89  -12.93
1176,0.44,-21.53  -27.86  -22.07
1177,0.40,-28.27  -24.89  -34.24
1178,0.49,-28.39  -19.86  -34.37
1179,0.74,-25.77  -22.18  -16.14
1180,0.68,-23.50  -27.32  -17.53
1181,0.43,-23.73  -24.43  -25.39
1182,0.69,-29.66  -11.36  -30.24
1183,0.85,-25.24  -10.27  -22.54
1184,0.54,-22.30  -21.20  -26.37
1185,0.75,-12.13  -17.31  -28.13
1186,0.59,-41.61  -35.59  0.00
1187,0.72,-18.57  -33.69  -15.91
1188,0.69,-16.97  -23.45  -29.22
1189,0.45,-13.56  -15.33  -13.58
1190,0.60,-27.82  -6.75  -21.76
1191,0.51,-33.64  -26.41  -10.76
1192,0.79,-24.41  -18.13  -7.48
1193,0.52,-25.80  -34.27  -12.08
1194,0.60,-29.92  -16.53  -21.87
1195,0.52,-22.33  -15.59  -26.20
1196,0.64,-28.78  -19.42  -8.72
1197,0.48,-21.94  -20.90  -29.41
1198,0.69,-24.23  -22.68  -22.31
1199,0.46,-19.33  -23.50  -14.68
